date,Brent oil price,year
2011/5/4,121.55,2011
2011/5/5,111.93,2011
2011/5/6,113.69,2011
2011/5/9,113.21,2011
2011/5/10,117.82,2011
2011/5/11,115.66,2011
2011/5/12,112.87,2011
2011/5/13,113.08,2011
2011/5/16,113.72,2011
2011/5/17,109.39,2011
2011/5/18,112.54,2011
2011/5/19,113.2,2011
2011/5/20,111.25,2011
2011/5/23,110.13,2011
2011/5/24,112.52,2011
2011/5/25,114.47,2011
2011/5/26,115.06,2011
2011/5/27,114.85,2011
2011/5/31,117.18,2011
2011/6/1,116.15,2011
2011/6/2,114.3,2011
2011/6/3,115.09,2011
2011/6/6,115.4,2011
2011/6/7,116.14,2011
2011/6/8,118.43,2011
2011/6/9,119.95,2011
2011/6/10,118.71,2011
2011/6/13,120.49,2011
2011/6/14,120.35,2011
2011/6/15,114.67,2011
2011/6/16,114.69,2011
2011/6/17,113.74,2011
2011/6/20,112.21,2011
2011/6/21,112.02,2011
2011/6/22,113.59,2011
2011/6/23,108.27,2011
2011/6/24,104.79,2011
2011/6/27,104.57,2011
2011/6/28,107.57,2011
2011/6/29,111.49,2011
2011/6/30,111.71,2011
2011/7/1,109.82,2011
2011/7/5,113.21,2011
2011/7/6,113.55,2011
2011/7/7,117.4,2011
2011/7/8,117.4,2011
2011/7/11,117.35,2011
2011/7/12,117.36,2011
2011/7/13,118.46,2011
2011/7/14,117.38,2011
2011/7/15,118.06,2011
2011/7/18,117.05,2011
2011/7/19,118.18,2011
2011/7/20,118.52,2011
2011/7/21,118.25,2011
2011/7/22,118.99,2011
2011/7/25,118.27,2011
2011/7/26,118.14,2011
2011/7/27,117.99,2011
2011/7/28,118.16,2011
2011/7/29,115.93,2011
2011/8/1,116.37,2011
2011/8/2,116.02,2011
2011/8/3,113.74,2011
2011/8/4,110.22,2011
2011/8/5,106.92,2011
2011/8/8,103.06,2011
2011/8/9,103.63,2011
2011/8/10,103.84,2011
2011/8/11,107.82,2011
2011/8/12,108.17,2011
2011/8/15,108.89,2011
2011/8/16,109.69,2011
2011/8/17,111.37,2011
2011/8/18,108.36,2011
2011/8/19,109.37,2011
2011/8/22,108.83,2011
2011/8/23,110.35,2011
2011/8/24,111.91,2011
2011/8/25,111.91,2011
2011/8/26,112.29,2011
2011/8/30,115.59,2011
2011/8/31,116.48,2011
2011/9/1,116.43,2011
2011/9/2,115.92,2011
2011/9/6,113.29,2011
2011/9/7,117.5,2011
2011/9/8,117.99,2011
2011/9/9,115.1,2011
2011/9/12,114.75,2011
2011/9/13,114.08,2011
2011/9/14,113.1,2011
2011/9/15,116.71,2011
2011/9/16,116.26,2011
2011/9/19,112.89,2011
2011/9/20,114.39,2011
2011/9/21,114.26,2011
2011/9/22,109.21,2011
2011/9/23,109.17,2011
2011/9/26,107.9,2011
2011/9/27,109.54,2011
2011/9/28,108.52,2011
2011/9/29,107.08,2011
2011/9/30,105.42,2011
2011/10/3,103.61,2011
2011/10/4,101.84,2011
2011/10/5,103.77,2011
2011/10/6,104.38,2011
2011/10/7,106.56,2011
2011/10/10,109.49,2011
2011/10/11,109.22,2011
2011/10/12,112.44,2011
2011/10/13,112.45,2011
2011/10/14,114.33,2011
2011/10/17,112.92,2011
2011/10/18,112.08,2011
2011/10/19,111.76,2011
2011/10/20,109,2011
2011/10/21,111.6,2011
2011/10/24,111.67,2011
2011/10/25,112.11,2011
2011/10/26,110.43,2011
2011/10/27,112.45,2011
2011/10/28,110.01,2011
2011/10/31,108.43,2011
2011/11/1,106.97,2011
2011/11/2,110.82,2011
2011/11/3,110.76,2011
2011/11/4,112.22,2011
2011/11/7,114.75,2011
2011/11/8,115.61,2011
2011/11/9,115.29,2011
2011/11/10,113.32,2011
2011/11/11,114.43,2011
2011/11/14,112.57,2011
2011/11/15,111.9,2011
2011/11/16,111.91,2011
2011/11/17,109.25,2011
2011/11/18,107.82,2011
2011/11/21,105.98,2011
2011/11/22,107.77,2011
2011/11/23,106.83,2011
2011/11/25,106.08,2011
2011/11/28,109.38,2011
2011/11/29,111.25,2011
2011/11/30,111.22,2011
2011/12/1,108.83,2011
2011/12/2,109.59,2011
2011/12/5,110.18,2011
2011/12/6,110.16,2011
2011/12/7,110.07,2011
2011/12/8,108.23,2011
2011/12/9,107.91,2011
2011/12/12,107.82,2011
2011/12/13,109.25,2011
2011/12/14,105.72,2011
2011/12/15,104.52,2011
2011/12/16,104,2011
2011/12/19,104.55,2011
2011/12/20,107.8,2011
2011/12/21,108,2011
2011/12/22,108.98,2011
2011/12/23,109.28,2011
2011/12/28,107.54,2011
2011/12/29,106.89,2011
2011/12/30,108.09,2011
2012/1/3,111.12,2012
2012/1/4,113.37,2012
2012/1/5,113.59,2012
2012/1/6,111.96,2012
2012/1/9,111.07,2012
2012/1/10,113.3,2012
2012/1/11,111.66,2012
2012/1/12,112.97,2012
2012/1/13,109.88,2012
2012/1/17,110.55,2012
2012/1/18,109.81,2012
2012/1/19,109.54,2012
2012/1/20,108.5,2012
2012/1/23,109.46,2012
2012/1/24,108.38,2012
2012/1/25,108.48,2012
2012/1/26,109.08,2012
2012/1/27,110.5,2012
2012/1/30,110.24,2012
2012/1/31,110.26,2012
2012/2/1,111.96,2012
2012/2/2,110.96,2012
2012/2/3,112.56,2012
2012/2/6,115.47,2012
2012/2/7,116.86,2012
2012/2/8,117.18,2012
2012/2/9,118.4,2012
2012/2/10,118.13,2012
2012/2/13,118.73,2012
2012/2/14,118.3,2012
2012/2/15,120.25,2012
2012/2/16,121,2012
2012/2/17,120.69,2012
2012/2/21,120.85,2012
2012/2/22,123.07,2012
2012/2/23,124.53,2012
2012/2/24,124.89,2012
2012/2/27,126.46,2012
2012/2/28,124.02,2012
2012/2/29,122.23,2012
2012/3/1,125.76,2012
2012/3/2,125.93,2012
2012/3/5,126.68,2012
2012/3/6,125.03,2012
2012/3/7,125.37,2012
2012/3/8,127.96,2012
2012/3/9,128.08,2012
2012/3/12,127.27,2012
2012/3/13,128.14,2012
2012/3/14,126.98,2012
2012/3/15,123.63,2012
2012/3/16,125.09,2012
2012/3/19,125.76,2012
2012/3/20,124.38,2012
2012/3/21,123.89,2012
2012/3/22,122.49,2012
2012/3/23,125.21,2012
2012/3/26,125.85,2012
2012/3/27,125.25,2012
2012/3/28,124.41,2012
2012/3/29,123.23,2012
2012/3/30,123.41,2012
2012/4/2,124.44,2012
2012/4/4,123.04,2012
2012/4/5,123.58,2012
2012/4/10,121.89,2012
2012/4/11,120.41,2012
2012/4/12,120.57,2012
2012/4/13,120.62,2012
2012/4/16,118.23,2012
2012/4/17,117.41,2012
2012/4/18,115.18,2012
2012/4/19,117,2012
2012/4/20,118.08,2012
2012/4/23,116.66,2012
2012/4/24,117.74,2012
2012/4/25,117.45,2012
2012/4/26,119.33,2012
2012/4/27,119.3,2012
2012/4/30,118.66,2012
2012/5/1,119.57,2012
2012/5/2,117.57,2012
2012/5/3,115.91,2012
2012/5/4,111.66,2012
2012/5/8,110.48,2012
2012/5/9,111.89,2012
2012/5/10,112.24,2012
2012/5/11,112.5,2012
2012/5/14,110.79,2012
2012/5/15,111.4,2012
2012/5/16,109.8,2012
2012/5/17,109.31,2012
2012/5/18,108.03,2012
2012/5/21,109.02,2012
2012/5/22,109.76,2012
2012/5/23,106.88,2012
2012/5/24,107.2,2012
2012/5/25,107.86,2012
2012/5/29,107.55,2012
2012/5/30,103.85,2012
2012/5/31,103.86,2012
2012/6/1,98.63,2012
2012/6/4,97.74,2012
2012/6/5,98.65,2012
2012/6/6,101.14,2012
2012/6/7,100.05,2012
2012/6/8,97.57,2012
2012/6/11,98.6,2012
2012/6/12,96.59,2012
2012/6/13,97.29,2012
2012/6/14,96.46,2012
2012/6/15,97.13,2012
2012/6/18,95.21,2012
2012/6/19,95.14,2012
2012/6/20,93.5,2012
2012/6/21,89.22,2012
2012/6/22,89.22,2012
2012/6/25,88.69,2012
2012/6/26,90.19,2012
2012/6/27,92.06,2012
2012/6/28,91.02,2012
2012/6/29,94.17,2012
2012/7/2,95.28,2012
2012/7/3,99.89,2012
2012/7/5,101.54,2012
2012/7/6,98.5,2012
2012/7/9,99.94,2012
2012/7/10,99.15,2012
2012/7/11,99.23,2012
2012/7/12,99.18,2012
2012/7/13,101.91,2012
2012/7/16,102.1,2012
2012/7/17,104.21,2012
2012/7/18,105.92,2012
2012/7/19,107.79,2012
2012/7/20,106.98,2012
2012/7/23,103.91,2012
2012/7/24,103.57,2012
2012/7/25,102.35,2012
2012/7/26,104.77,2012
2012/7/27,106.3,2012
2012/7/30,106.54,2012
2012/7/31,105.93,2012
2012/8/1,106.78,2012
2012/8/2,107.55,2012
2012/8/3,109.57,2012
2012/8/6,110.01,2012
2012/8/7,112.39,2012
2012/8/8,113.42,2012
2012/8/9,113.52,2012
2012/8/10,113.13,2012
2012/8/13,114.48,2012
2012/8/14,113.9,2012
2012/8/15,115.51,2012
2012/8/16,116.12,2012
2012/8/17,115.2,2012
2012/8/20,115.5,2012
2012/8/21,116.03,2012
2012/8/22,115.77,2012
2012/8/23,117.45,2012
2012/8/24,115.76,2012
2012/8/27,113.74,2012
2012/8/28,112.62,2012
2012/8/29,112.53,2012
2012/8/30,112.28,2012
2012/8/31,113.93,2012
2012/9/4,114.98,2012
2012/9/5,113.32,2012
2012/9/6,114.5,2012
2012/9/7,113.64,2012
2012/9/10,113.84,2012
2012/9/11,114.86,2012
2012/9/12,114.86,2012
2012/9/13,116,2012
2012/9/14,117.48,2012
2012/9/17,116.7,2012
2012/9/18,113.29,2012
2012/9/19,108.49,2012
2012/9/20,109.41,2012
2012/9/21,111.27,2012
2012/9/24,109.2,2012
2012/9/25,110.77,2012
2012/9/26,108.99,2012
2012/9/27,111.45,2012
2012/9/28,111.36,2012
2012/10/1,112.58,2012
2012/10/2,112.49,2012
2012/10/3,109.32,2012
2012/10/4,110.48,2012
2012/10/5,112.17,2012
2012/10/8,112.6,2012
2012/10/9,114.32,2012
2012/10/10,116.11,2012
2012/10/11,116.18,2012
2012/10/12,115.17,2012
2012/10/15,115,2012
2012/10/16,115,2012
2012/10/17,113.49,2012
2012/10/18,112.58,2012
2012/10/19,111.89,2012
2012/10/22,109.62,2012
2012/10/23,107.53,2012
2012/10/24,107.66,2012
2012/10/25,107.64,2012
2012/10/26,108.9,2012
2012/10/29,109.33,2012
2012/10/30,109.4,2012
2012/10/31,109.89,2012
2012/11/1,108.84,2012
2012/11/2,106.79,2012
2012/11/5,105.59,2012
2012/11/6,109.27,2012
2012/11/7,108.21,2012
2012/11/8,107.23,2012
2012/11/9,108.61,2012
2012/11/12,110.23,2012
2012/11/13,108.82,2012
2012/11/14,109.66,2012
2012/11/15,110.07,2012
2012/11/16,106.81,2012
2012/11/19,110.06,2012
2012/11/20,110.01,2012
2012/11/21,110.81,2012
2012/11/23,110.14,2012
2012/11/26,110.18,2012
2012/11/27,109.33,2012
2012/11/28,108.26,2012
2012/11/29,110.47,2012
2012/11/30,110.84,2012
2012/12/3,111.27,2012
2012/12/4,109.99,2012
2012/12/5,108.96,2012
2012/12/6,108.01,2012
2012/12/7,107.16,2012
2012/12/10,108.25,2012
2012/12/11,107.6,2012
2012/12/12,110.17,2012
2012/12/13,110.18,2012
2012/12/14,109.28,2012
2012/12/17,109.35,2012
2012/12/18,109.96,2012
2012/12/19,109.95,2012
2012/12/20,110.57,2012
2012/12/21,109.13,2012
2012/12/24,108.44,2012
2012/12/26,110.72,2012
2012/12/27,110.04,2012
2012/12/28,110.05,2012
2012/12/31,110.8,2012
2013/1/2,112.98,2013
2013/1/3,113.03,2013
2013/1/4,112.58,2013
2013/1/7,112.49,2013
2013/1/8,113.03,2013
2013/1/9,113.07,2013
2013/1/10,112.97,2013
2013/1/11,110.3,2013
2013/1/14,111.32,2013
2013/1/15,111.72,2013
2013/1/16,110.97,2013
2013/1/17,111.01,2013
2013/1/18,111.71,2013
2013/1/22,112.72,2013
2013/1/23,113.68,2013
2013/1/24,114.59,2013
2013/1/25,113.88,2013
2013/1/28,113.92,2013
2013/1/29,115.22,2013
2013/1/30,115.42,2013
2013/1/31,115.55,2013
2013/2/1,115.55,2013
2013/2/4,116.06,2013
2013/2/5,117.03,2013
2013/2/6,116.61,2013
2013/2/7,117.17,2013
2013/2/8,118.9,2013
2013/2/11,118.29,2013
2013/2/12,117.89,2013
2013/2/13,118.43,2013
2013/2/14,118.48,2013
2013/2/15,117.4,2013
2013/2/19,117.04,2013
2013/2/20,116.23,2013
2013/2/21,114.19,2013
2013/2/22,113.74,2013
2013/2/25,114.55,2013
2013/2/26,112.96,2013
2013/2/27,112.24,2013
2013/2/28,112.2,2013
2013/3/1,110.14,2013
2013/3/4,109.9,2013
2013/3/5,110.42,2013
2013/3/6,110.27,2013
2013/3/7,110.42,2013
2013/3/8,108.91,2013
2013/3/11,108.64,2013
2013/3/12,108.48,2013
2013/3/13,107.51,2013
2013/3/14,108.1,2013
2013/3/15,109.32,2013
2013/3/18,108.54,2013
2013/3/19,106.91,2013
2013/3/20,108.27,2013
2013/3/21,106.41,2013
2013/3/22,106.51,2013
2013/3/25,106.66,2013
2013/3/26,107.1,2013
2013/3/27,108.51,2013
2013/3/28,108.46,2013
2013/4/1,108.76,2013
2013/4/2,109.66,2013
2013/4/3,107.82,2013
2013/4/4,105.09,2013
2013/4/5,103.98,2013
2013/4/8,103.16,2013
2013/4/9,104.08,2013
2013/4/10,104.8,2013
2013/4/11,103.62,2013
2013/4/12,100.58,2013
2013/4/15,99.32,2013
2013/4/16,97.88,2013
2013/4/17,96.84,2013
2013/4/18,97.48,2013
2013/4/19,98.94,2013
2013/4/22,99.07,2013
2013/4/23,99.25,2013
2013/4/24,100.71,2013
2013/4/25,101.62,2013
2013/4/26,102.39,2013
2013/4/29,102.88,2013
2013/4/30,101.53,2013
2013/5/1,98.34,2013
2013/5/2,100.32,2013
2013/5/3,104.6,2013
2013/5/6,105,2013
2013/5/7,105.18,2013
2013/5/8,103.79,2013
2013/5/9,103.59,2013
2013/5/10,101.31,2013
2013/5/13,102.17,2013
2013/5/14,102.7,2013
2013/5/15,101.57,2013
2013/5/16,104.27,2013
2013/5/17,103.83,2013
2013/5/20,104.55,2013
2013/5/21,103.1,2013
2013/5/22,102.14,2013
2013/5/23,100.46,2013
2013/5/24,101.24,2013
2013/5/28,103.77,2013
2013/5/29,102.14,2013
2013/5/30,101.79,2013
2013/5/31,100.43,2013
2013/6/3,101.63,2013
2013/6/4,102.04,2013
2013/6/5,103.51,2013
2013/6/6,103.37,2013
2013/6/7,104.07,2013
2013/6/10,103.87,2013
2013/6/11,101.5,2013
2013/6/12,103.11,2013
2013/6/13,103.38,2013
2013/6/14,105.1,2013
2013/6/17,105.8,2013
2013/6/18,105.21,2013
2013/6/19,105.56,2013
2013/6/20,102.72,2013
2013/6/21,100.36,2013
2013/6/24,99.8,2013
2013/6/25,101.51,2013
2013/6/26,100.62,2013
2013/6/27,102.74,2013
2013/6/28,102.49,2013
2013/7/1,103.19,2013
2013/7/2,103.96,2013
2013/7/3,106.12,2013
2013/7/5,107.46,2013
2013/7/8,107.75,2013
2013/7/9,107.9,2013
2013/7/10,108.43,2013
2013/7/11,108.18,2013
2013/7/12,109.03,2013
2013/7/15,109.05,2013
2013/7/16,109.29,2013
2013/7/17,109.67,2013
2013/7/18,109.71,2013
2013/7/19,109.34,2013
2013/7/22,108.82,2013
2013/7/23,109.27,2013
2013/7/24,108.23,2013
2013/7/25,108.1,2013
2013/7/26,107.57,2013
2013/7/29,108.1,2013
2013/7/30,107.47,2013
2013/7/31,107.89,2013
2013/8/1,109.94,2013
2013/8/2,109.63,2013
2013/8/5,109.81,2013
2013/8/6,108.77,2013
2013/8/7,108.39,2013
2013/8/8,107.32,2013
2013/8/9,108.49,2013
2013/8/12,109.28,2013
2013/8/13,110.69,2013
2013/8/14,110.26,2013
2013/8/15,111.58,2013
2013/8/16,111.82,2013
2013/8/19,111.41,2013
2013/8/20,110.74,2013
2013/8/21,110.82,2013
2013/8/22,110.51,2013
2013/8/23,112.12,2013
2013/8/26,112.23,2013
2013/8/27,115.21,2013
2013/8/28,116.27,2013
2013/8/29,116.91,2013
2013/8/30,115.97,2013
2013/9/3,115.49,2013
2013/9/4,115.65,2013
2013/9/5,115.81,2013
2013/9/6,117.15,2013
2013/9/9,115.2,2013
2013/9/10,112.1,2013
2013/9/11,112.37,2013
2013/9/12,113.11,2013
2013/9/13,113.31,2013
2013/9/16,110.86,2013
2013/9/17,109.05,2013
2013/9/18,109.09,2013
2013/9/19,110.66,2013
2013/9/20,110.22,2013
2013/9/23,108.56,2013
2013/9/24,107.68,2013
2013/9/25,109.46,2013
2013/9/26,108.86,2013
2013/9/27,109.45,2013
2013/9/30,107.85,2013
2013/10/1,107.32,2013
2013/10/2,109.09,2013
2013/10/3,109.49,2013
2013/10/4,109.42,2013
2013/10/7,109.66,2013
2013/10/8,110.56,2013
2013/10/9,109.02,2013
2013/10/10,111.63,2013
2013/10/11,110.65,2013
2013/10/14,110.13,2013
2013/10/15,110.67,2013
2013/10/16,110.79,2013
2013/10/17,109.55,2013
2013/10/18,109.4,2013
2013/10/21,109.47,2013
2013/10/22,109.57,2013
2013/10/23,107.74,2013
2013/10/24,106.63,2013
2013/10/25,105.7,2013
2013/10/28,108.29,2013
2013/10/29,108.04,2013
2013/10/30,108.41,2013
2013/10/31,107.53,2013
2013/11/1,105.78,2013
2013/11/4,104.85,2013
2013/11/5,105.01,2013
2013/11/6,105.46,2013
2013/11/7,103.08,2013
2013/11/8,104.29,2013
2013/11/11,105.76,2013
2013/11/12,106.29,2013
2013/11/13,106.9,2013
2013/11/14,108.29,2013
2013/11/15,108.25,2013
2013/11/18,108.8,2013
2013/11/19,108.29,2013
2013/11/20,108.27,2013
2013/11/21,109.9,2013
2013/11/22,111.36,2013
2013/11/25,110.83,2013
2013/11/26,112.04,2013
2013/11/27,111.32,2013
2013/11/29,111.07,2013
2013/12/2,111.49,2013
2013/12/3,113.06,2013
2013/12/4,113.27,2013
2013/12/5,112.07,2013
2013/12/6,111.5,2013
2013/12/9,110.07,2013
2013/12/10,108.91,2013
2013/12/11,109.47,2013
2013/12/12,108.99,2013
2013/12/13,108.08,2013
2013/12/16,110.3,2013
2013/12/17,108.91,2013
2013/12/18,109.56,2013
2013/12/19,110.78,2013
2013/12/20,112.15,2013
2013/12/23,111.58,2013
2013/12/24,111.57,2013
2013/12/26,111.65,2013
2013/12/27,112.06,2013
2013/12/30,110.47,2013
2013/12/31,109.95,2013
2014/1/2,107.94,2014
2014/1/3,106.57,2014
2014/1/6,106.71,2014
2014/1/7,107.01,2014
2014/1/8,107.42,2014
2014/1/9,107.49,2014
2014/1/10,106.44,2014
2014/1/13,108.02,2014
2014/1/14,107.12,2014
2014/1/15,108.09,2014
2014/1/16,107.46,2014
2014/1/17,108.45,2014
2014/1/20,108.01,2014
2014/1/21,109.17,2014
2014/1/22,109.69,2014
2014/1/23,109.69,2014
2014/1/24,109.14,2014
2014/1/27,108.72,2014
2014/1/28,109.1,2014
2014/1/29,108.83,2014
2014/1/30,109.36,2014
2014/1/31,108.16,2014
2014/2/3,106.55,2014
2014/2/4,107.04,2014
2014/2/5,106.81,2014
2014/2/6,108.15,2014
2014/2/7,110.12,2014
2014/2/10,110.18,2014
2014/2/11,109.21,2014
2014/2/12,108.62,2014
2014/2/13,108.98,2014
2014/2/14,108.63,2014
2014/2/18,110.14,2014
2014/2/19,110.37,2014
2014/2/20,109.42,2014
2014/2/21,109.03,2014
2014/2/24,109.76,2014
2014/2/25,109.19,2014
2014/2/26,109.39,2014
2014/2/27,108.54,2014
2014/2/28,108.98,2014
2014/3/3,111.26,2014
2014/3/4,109.17,2014
2014/3/5,108.15,2014
2014/3/6,107.99,2014
2014/3/7,109.14,2014
2014/3/10,108.27,2014
2014/3/11,108.35,2014
2014/3/12,107.88,2014
2014/3/13,107.48,2014
2014/3/14,108.08,2014
2014/3/17,106.99,2014
2014/3/18,106.79,2014
2014/3/19,105.95,2014
2014/3/20,105.73,2014
2014/3/21,107.2,2014
2014/3/24,106.59,2014
2014/3/25,107.01,2014
2014/3/26,105.9,2014
2014/3/27,106.58,2014
2014/3/28,106.64,2014
2014/3/31,105.95,2014
2014/4/1,105.7,2014
2014/4/2,103.37,2014
2014/4/3,104.88,2014
2014/4/4,106.41,2014
2014/4/7,104.89,2014
2014/4/8,105.83,2014
2014/4/9,107.39,2014
2014/4/10,107.1,2014
2014/4/11,107.34,2014
2014/4/14,107.68,2014
2014/4/15,109.1,2014
2014/4/16,109.71,2014
2014/4/17,109.79,2014
2014/4/21,109.69,2014
2014/4/22,108.54,2014
2014/4/23,108.48,2014
2014/4/24,109.79,2014
2014/4/25,109.53,2014
2014/4/28,109.12,2014
2014/4/29,109.89,2014
2014/4/30,108.63,2014
2014/5/1,108.63,2014
2014/5/2,109.48,2014
2014/5/5,109.48,2014
2014/5/6,108.3,2014
2014/5/7,108.17,2014
2014/5/8,108.19,2014
2014/5/9,108.26,2014
2014/5/12,108.37,2014
2014/5/13,108.78,2014
2014/5/14,109.87,2014
2014/5/15,109.74,2014
2014/5/16,110.9,2014
2014/5/19,110.84,2014
2014/5/20,110.35,2014
2014/5/21,111.32,2014
2014/5/22,110.89,2014
2014/5/23,110.19,2014
2014/5/26,110.01,2014
2014/5/27,109.81,2014
2014/5/28,109.09,2014
2014/5/29,109.98,2014
2014/5/30,109.21,2014
2014/6/2,109.34,2014
2014/6/3,108.87,2014
2014/6/4,109.07,2014
2014/6/5,108.43,2014
2014/6/6,109.21,2014
2014/6/9,110.55,2014
2014/6/10,109.18,2014
2014/6/11,109.83,2014
2014/6/12,112.18,2014
2014/6/13,113.15,2014
2014/6/16,113.42,2014
2014/6/17,114.02,2014
2014/6/18,114.25,2014
2014/6/19,115.19,2014
2014/6/20,114.55,2014
2014/6/23,113.62,2014
2014/6/24,113.74,2014
2014/6/25,112.84,2014
2014/6/26,112.61,2014
2014/6/27,112.62,2014
2014/6/30,111.03,2014
2014/7/1,110.84,2014
2014/7/2,110.18,2014
2014/7/3,108.98,2014
2014/7/7,108.7,2014
2014/7/8,107.65,2014
2014/7/9,106.84,2014
2014/7/10,106.2,2014
2014/7/11,105.77,2014
2014/7/14,104.73,2014
2014/7/15,104.73,2014
2014/7/16,105.41,2014
2014/7/17,106.04,2014
2014/7/18,106.03,2014
2014/7/21,105.71,2014
2014/7/22,106.48,2014
2014/7/23,106.85,2014
2014/7/24,105.78,2014
2014/7/25,106.89,2014
2014/7/28,106.7,2014
2014/7/29,106.98,2014
2014/7/30,106.47,2014
2014/7/31,104.94,2014
2014/8/1,103.45,2014
2014/8/4,103.63,2014
2014/8/5,102.82,2014
2014/8/6,104.17,2014
2014/8/7,104.02,2014
2014/8/8,103.36,2014
2014/8/11,103.47,2014
2014/8/12,101.68,2014
2014/8/13,102.27,2014
2014/8/14,101.15,2014
2014/8/15,101.13,2014
2014/8/18,99.37,2014
2014/8/19,99.74,2014
2014/8/20,99.92,2014
2014/8/21,100.28,2014
2014/8/22,100.09,2014
2014/8/25,100.49,2014
2014/8/26,100.5,2014
2014/8/27,100.4,2014
2014/8/28,100.71,2014
2014/8/29,101.12,2014
2014/9/2,100.21,2014
2014/9/3,100.88,2014
2014/9/4,101.21,2014
2014/9/5,99.51,2014
2014/9/8,99.53,2014
2014/9/9,98.08,2014
2014/9/10,96.26,2014
2014/9/11,96.42,2014
2014/9/12,96.31,2014
2014/9/15,96.43,2014
2014/9/16,97.39,2014
2014/9/17,97.7,2014
2014/9/18,96.82,2014
2014/9/19,96.75,2014
2014/9/22,95.37,2014
2014/9/23,94.87,2014
2014/9/24,94.53,2014
2014/9/25,95.2,2014
2014/9/26,95.08,2014
2014/9/29,95.7,2014
2014/9/30,94.67,2014
2014/10/1,94.57,2014
2014/10/2,91.29,2014
2014/10/3,90.8,2014
2014/10/6,90.65,2014
2014/10/7,90.9,2014
2014/10/8,90.25,2014
2014/10/9,90.47,2014
2014/10/10,88.66,2014
2014/10/13,87.82,2014
2014/10/14,86.36,2014
2014/10/15,84.02,2014
2014/10/16,84.02,2014
2014/10/17,85.27,2014
2014/10/20,84.42,2014
2014/10/21,85.17,2014
2014/10/22,86.38,2014
2014/10/23,85.94,2014
2014/10/24,86,2014
2014/10/27,85.64,2014
2014/10/28,85.57,2014
2014/10/29,86.91,2014
2014/10/30,85.5,2014
2014/10/31,84.17,2014
2014/11/3,84.9,2014
2014/11/4,82.12,2014
2014/11/5,82.88,2014
2014/11/6,82.08,2014
2014/11/7,83.2,2014
2014/11/10,82.9,2014
2014/11/11,80.94,2014
2014/11/12,80.42,2014
2014/11/13,77.74,2014
2014/11/14,77.51,2014
2014/11/17,76.86,2014
2014/11/18,77.23,2014
2014/11/19,77.21,2014
2014/11/20,77.61,2014
2014/11/21,79.2,2014
2014/11/24,79.62,2014
2014/11/25,77.62,2014
2014/11/26,77.39,2014
2014/11/28,71.89,2014
2014/12/1,70.87,2014
2014/12/2,71.13,2014
2014/12/3,70.13,2014
2014/12/4,68.48,2014
2014/12/5,68,2014
2014/12/8,65.64,2014
2014/12/9,66.11,2014
2014/12/10,63.32,2014
2014/12/11,63.65,2014
2014/12/12,61.67,2014
2014/12/15,61.09,2014
2014/12/16,60.26,2014
2014/12/17,59.84,2014
2014/12/18,58.81,2014
2014/12/19,58.87,2014
2014/12/22,58.31,2014
2014/12/23,59.07,2014
2014/12/24,58.67,2014
2014/12/26,58.72,2014
2014/12/29,57.86,2014
2014/12/30,55.6,2014
2014/12/31,55.27,2014
2015/1/2,55.38,2015
2015/1/5,51.08,2015
2015/1/6,50.12,2015
2015/1/7,49.06,2015
2015/1/8,49.43,2015
2015/1/9,47.64,2015
2015/1/12,46.9,2015
2015/1/13,45.13,2015
2015/1/14,45.82,2015
2015/1/15,47.66,2015
2015/1/16,47.38,2015
2015/1/20,46.49,2015
2015/1/21,46.5,2015
2015/1/22,46.09,2015
2015/1/23,46.69,2015
2015/1/26,46.07,2015
2015/1/27,46.55,2015
2015/1/28,47.07,2015
2015/1/29,46.61,2015
2015/1/30,47.52,2015
2015/2/2,51.74,2015
2015/2/3,54.41,2015
2015/2/4,55.07,2015
2015/2/5,55.98,2015
2015/2/6,55.88,2015
2015/2/9,57,2015
2015/2/10,55.79,2015
2015/2/11,53.48,2015
2015/2/12,56.23,2015
2015/2/13,60.33,2015
2015/2/16,61.57,2015
2015/2/17,60.78,2015
2015/2/18,60.72,2015
2015/2/19,58.78,2015
2015/2/20,60.99,2015
2015/2/23,59.78,2015
2015/2/24,60.33,2015
2015/2/25,59.77,2015
2015/2/26,61.39,2015
2015/2/27,61.89,2015
2015/3/2,60.75,2015
2015/3/3,61.18,2015
2015/3/4,59.18,2015
2015/3/5,60.33,2015
2015/3/6,59.15,2015
2015/3/9,58.67,2015
2015/3/10,55.95,2015
2015/3/11,56.46,2015
2015/3/12,56.66,2015
2015/3/13,54.8,2015
2015/3/16,52,2015
2015/3/17,52.17,2015
2015/3/18,52.59,2015
2015/3/19,52.96,2015
2015/3/20,53.88,2015
2015/3/23,53.82,2015
2015/3/24,53.61,2015
2015/3/25,54.18,2015
2015/3/26,57.02,2015
2015/3/27,56.44,2015
2015/3/30,53.99,2015
2015/3/31,53.69,2015
2015/4/1,55.73,2015
2015/4/2,55.73,2015
2015/4/6,55.73,2015
2015/4/7,57.55,2015
2015/4/8,56.42,2015
2015/4/9,56.04,2015
2015/4/10,56.82,2015
2015/4/13,57.14,2015
2015/4/14,57.69,2015
2015/4/15,59.32,2015
2015/4/16,60.13,2015
2015/4/17,61.31,2015
2015/4/20,61.2,2015
2015/4/21,60.12,2015
2015/4/22,60.12,2015
2015/4/23,62.66,2015
2015/4/24,62.96,2015
2015/4/27,62.86,2015
2015/4/28,62.61,2015
2015/4/29,63.97,2015
2015/4/30,63.9,2015
2015/5/1,64.13,2015
2015/5/4,64.62,2015
2015/5/5,65.44,2015
2015/5/6,66.22,2015
2015/5/7,64.93,2015
2015/5/8,63.82,2015
2015/5/11,62.82,2015
2015/5/12,65.09,2015
2015/5/13,66.33,2015
2015/5/14,65.58,2015
2015/5/15,64.69,2015
2015/5/18,65.15,2015
2015/5/19,63.48,2015
2015/5/20,63.52,2015
2015/5/21,64.7,2015
2015/5/22,64.7,2015
2015/5/26,61.65,2015
2015/5/27,62.06,2015
2015/5/28,62.58,2015
2015/5/29,65.56,2015
2015/6/1,64.88,2015
2015/6/2,65.49,2015
2015/6/3,63.8,2015
2015/6/4,62.03,2015
2015/6/5,63.31,2015
2015/6/8,62.69,2015
2015/6/9,64.88,2015
2015/6/10,65.7,2015
2015/6/11,65.11,2015
2015/6/12,63.87,2015
2015/6/15,62.61,2015
2015/6/16,63.7,2015
2015/6/17,63.87,2015
2015/6/18,64.26,2015
2015/6/19,63.02,2015
2015/6/22,63.34,2015
2015/6/23,64.45,2015
2015/6/24,63.49,2015
2015/6/25,63.2,2015
2015/6/26,63.26,2015
2015/6/29,62.01,2015
2015/6/30,63.59,2015
2015/7/1,62.01,2015
2015/7/2,62.07,2015
2015/7/3,60.32,2015
2015/7/6,56.54,2015
2015/7/7,56.85,2015
2015/7/8,57.05,2015
2015/7/9,58.61,2015
2015/7/10,58.73,2015
2015/7/13,57.85,2015
2015/7/14,58.51,2015
2015/7/15,57.05,2015
2015/7/16,57.51,2015
2015/7/17,57.1,2015
2015/7/20,56.65,2015
2015/7/21,57.04,2015
2015/7/22,56.13,2015
2015/7/23,55.27,2015
2015/7/24,54.62,2015
2015/7/27,53.47,2015
2015/7/28,53.3,2015
2015/7/29,53.38,2015
2015/7/30,53.31,2015
2015/7/31,52.21,2015
2015/8/3,49.52,2015
2015/8/4,49.99,2015
2015/8/5,49.59,2015
2015/8/6,49.52,2015
2015/8/7,48.61,2015
2015/8/10,50.41,2015
2015/8/11,49.18,2015
2015/8/12,49.66,2015
2015/8/13,49.22,2015
2015/8/14,49.03,2015
2015/8/17,48.74,2015
2015/8/18,48.81,2015
2015/8/19,47.16,2015
2015/8/20,46.62,2015
2015/8/21,45.46,2015
2015/8/24,42.69,2015
2015/8/25,43.21,2015
2015/8/26,43.14,2015
2015/8/27,47.56,2015
2015/8/28,50.05,2015
2015/8/31,54.15,2015
2015/9/1,49.56,2015
2015/9/2,50.5,2015
2015/9/3,50.68,2015
2015/9/4,49.61,2015
2015/9/7,47.63,2015
2015/9/8,49.52,2015
2015/9/9,47.58,2015
2015/9/10,48.89,2015
2015/9/11,48.14,2015
2015/9/14,46.37,2015
2015/9/15,46.63,2015
2015/9/16,49.75,2015
2015/9/17,49.08,2015
2015/9/18,47.47,2015
2015/9/21,48.92,2015
2015/9/22,49.08,2015
2015/9/23,47.75,2015
2015/9/24,48.17,2015
2015/9/25,48.6,2015
2015/9/28,47.34,2015
2015/9/29,48.23,2015
2015/9/30,48.37,2015
2015/10/1,47.69,2015
2015/10/2,48.13,2015
2015/10/5,49.25,2015
2015/10/6,51.92,2015
2015/10/7,51.33,2015
2015/10/8,53.05,2015
2015/10/9,52.65,2015
2015/10/12,49.86,2015
2015/10/13,49.24,2015
2015/10/14,49.15,2015
2015/10/15,48.71,2015
2015/10/16,50.46,2015
2015/10/19,48.61,2015
2015/10/20,48.71,2015
2015/10/21,47.85,2015
2015/10/22,48.08,2015
2015/10/23,47.99,2015
2015/10/26,47.54,2015
2015/10/27,46.81,2015
2015/10/28,49.05,2015
2015/10/29,48.8,2015
2015/10/30,49.56,2015
2015/11/2,48.79,2015
2015/11/3,50.54,2015
2015/11/4,48.58,2015
2015/11/5,47.98,2015
2015/11/6,47.42,2015
2015/11/9,47.19,2015
2015/11/10,47.44,2015
2015/11/11,45.81,2015
2015/11/12,44.06,2015
2015/11/13,43.61,2015
2015/11/16,44.56,2015
2015/11/17,43.57,2015
2015/11/18,44.14,2015
2015/11/19,44.18,2015
2015/11/20,44.66,2015
2015/11/23,44.83,2015
2015/11/24,46.12,2015
2015/11/25,46.17,2015
2015/11/26,45.46,2015
2015/11/27,44.86,2015
2015/11/30,44.61,2015
2015/12/1,44.44,2015
2015/12/2,42.49,2015
2015/12/3,43.84,2015
2015/12/4,43,2015
2015/12/7,40.73,2015
2015/12/8,40.26,2015
2015/12/9,40.11,2015
2015/12/10,39.73,2015
2015/12/11,37.93,2015
2015/12/14,37.92,2015
2015/12/15,38.45,2015
2015/12/16,37.19,2015
2015/12/17,37.06,2015
2015/12/18,36.88,2015
2015/12/21,36.35,2015
2015/12/22,36.11,2015
2015/12/23,37.36,2015
2015/12/24,37.89,2015
2015/12/28,36.62,2015
2015/12/29,37.79,2015
2015/12/30,36.46,2015
2015/12/31,37.28,2015
2016/1/4,37.22,2016
2016/1/5,36.42,2016
2016/1/6,34.23,2016
2016/1/7,33.75,2016
2016/1/8,33.55,2016
2016/1/11,31.55,2016
2016/1/12,30.86,2016
2016/1/13,30.31,2016
2016/1/14,31.03,2016
2016/1/15,28.94,2016
2016/1/18,28.55,2016
2016/1/19,28.76,2016
2016/1/20,27.88,2016
2016/1/21,29.25,2016
2016/1/22,32.18,2016
2016/1/25,30.5,2016
2016/1/26,31.8,2016
2016/1/27,33.1,2016
2016/1/28,33.89,2016
2016/1/29,34.74,2016
2016/2/1,34.24,2016
2016/2/2,32.72,2016
2016/2/3,35.04,2016
2016/2/4,34.46,2016
2016/2/5,34.06,2016
2016/2/8,32.88,2016
2016/2/9,30.32,2016
2016/2/10,30.84,2016
2016/2/11,30.06,2016
2016/2/12,33.36,2016
2016/2/15,33.39,2016
2016/2/16,32.18,2016
2016/2/17,34.5,2016
2016/2/18,34.28,2016
2016/2/19,33.01,2016
2016/2/22,34.69,2016
2016/2/23,33.27,2016
2016/2/24,34.41,2016
2016/2/25,35.29,2016
2016/2/26,35.1,2016
2016/2/29,35.97,2016
2016/3/1,36.81,2016
2016/3/2,36.93,2016
2016/3/3,37.07,2016
2016/3/4,38.72,2016
2016/3/7,40.84,2016
2016/3/8,39.65,2016
2016/3/9,41.07,2016
2016/3/10,40.05,2016
2016/3/11,40.39,2016
2016/3/14,39.53,2016
2016/3/15,38.74,2016
2016/3/16,40.33,2016
2016/3/17,41.54,2016
2016/3/18,41.2,2016
2016/3/21,41.54,2016
2016/3/22,41.79,2016
2016/3/23,40.47,2016
2016/3/24,40.44,2016
2016/3/28,40.27,2016
2016/3/29,39.14,2016
2016/3/30,39.26,2016
2016/3/31,39.6,2016
2016/4/1,38.67,2016
2016/4/4,37.69,2016
2016/4/5,37.87,2016
2016/4/6,39.84,2016
2016/4/7,39.43,2016
2016/4/8,41.94,2016
2016/4/11,42.83,2016
2016/4/12,44.69,2016
2016/4/13,44.18,2016
2016/4/14,43.84,2016
2016/4/15,43.1,2016
2016/4/18,42.91,2016
2016/4/19,44.03,2016
2016/4/20,45.8,2016
2016/4/21,44.53,2016
2016/4/22,45.11,2016
2016/4/25,44.48,2016
2016/4/26,45.74,2016
2016/4/27,47.18,2016
2016/4/28,48.14,2016
2016/4/29,48.13,2016
2016/5/2,45.83,2016
2016/5/3,44.97,2016
2016/5/4,44.62,2016
2016/5/5,45.01,2016
2016/5/6,45.37,2016
2016/5/9,43.63,2016
2016/5/10,45.52,2016
2016/5/11,47.6,2016
2016/5/12,48.08,2016
2016/5/13,47.83,2016
2016/5/16,48.97,2016
2016/5/17,49.28,2016
2016/5/18,48.93,2016
2016/5/19,48.81,2016
2016/5/20,48.72,2016
2016/5/23,48.35,2016
2016/5/24,48.61,2016
2016/5/25,49.74,2016
2016/5/26,49.59,2016
2016/5/27,49.32,2016
2016/5/30,49.76,2016
2016/5/31,49.69,2016
2016/6/1,49.72,2016
2016/6/2,50.04,2016
2016/6/3,49.64,2016
2016/6/6,50.55,2016
2016/6/7,51.44,2016
2016/6/8,52.51,2016
2016/6/9,51.95,2016
2016/6/10,50.54,2016
2016/6/13,50.35,2016
2016/6/14,49.83,2016
2016/6/15,48.97,2016
2016/6/16,47.19,2016
2016/6/17,49.17,2016
2016/6/20,50.65,2016
2016/6/21,50.62,2016
2016/6/22,49.88,2016
2016/6/23,50.91,2016
2016/6/24,48.41,2016
2016/6/27,47.16,2016
2016/6/28,48.58,2016
2016/6/29,50.61,2016
2016/6/30,49.68,2016
2016/7/1,50.35,2016
2016/7/4,50.1,2016
2016/7/5,47.96,2016
2016/7/6,48.8,2016
2016/7/7,46.4,2016
2016/7/8,46.76,2016
2016/7/11,46.25,2016
2016/7/12,48.47,2016
2016/7/13,46.26,2016
2016/7/14,47.37,2016
2016/7/15,47.61,2016
2016/7/18,46.96,2016
2016/7/19,46.66,2016
2016/7/20,47.17,2016
2016/7/21,46.2,2016
2016/7/22,45.69,2016
2016/7/25,44.72,2016
2016/7/26,44.87,2016
2016/7/27,43.47,2016
2016/7/28,42.7,2016
2016/7/29,42.46,2016
2016/8/1,42.14,2016
2016/8/2,41.8,2016
2016/8/3,43.1,2016
2016/8/4,44.29,2016
2016/8/5,44.27,2016
2016/8/8,45.39,2016
2016/8/9,44.98,2016
2016/8/10,44.05,2016
2016/8/11,46.04,2016
2016/8/12,46.97,2016
2016/8/15,48.35,2016
2016/8/16,49.23,2016
2016/8/17,49.85,2016
2016/8/18,50.89,2016
2016/8/19,50.88,2016
2016/8/22,49.16,2016
2016/8/23,49.96,2016
2016/8/24,49.05,2016
2016/8/25,49.67,2016
2016/8/26,49.92,2016
2016/8/29,49.26,2016
2016/8/30,48.37,2016
2016/8/31,47.04,2016
2016/9/1,45.45,2016
2016/9/2,46.83,2016
2016/9/5,47.63,2016
2016/9/6,47.26,2016
2016/9/7,47.98,2016
2016/9/8,49.99,2016
2016/9/9,48.01,2016
2016/9/12,48.32,2016
2016/9/13,47.1,2016
2016/9/14,45.85,2016
2016/9/15,46.59,2016
2016/9/16,45.77,2016
2016/9/19,45.95,2016
2016/9/20,45.88,2016
2016/9/21,46.83,2016
2016/9/22,47.65,2016
2016/9/23,45.89,2016
2016/9/26,47.35,2016
2016/9/27,45.97,2016
2016/9/28,48.69,2016
2016/9/29,49.24,2016
2016/9/30,49.06,2016
2016/10/3,50.89,2016
2016/10/4,50.87,2016
2016/10/5,51.86,2016
2016/10/6,52.51,2016
2016/10/7,51.93,2016
2016/10/10,53.14,2016
2016/10/11,52.41,2016
2016/10/12,51.81,2016
2016/10/13,52.03,2016
2016/10/14,51.95,2016
2016/10/17,51.52,2016
2016/10/18,51.68,2016
2016/10/19,52.67,2016
2016/10/20,51.38,2016
2016/10/21,51.78,2016
2016/10/24,51.46,2016
2016/10/25,50.79,2016
2016/10/26,49.98,2016
2016/10/27,50.47,2016
2016/10/28,49.71,2016
2016/10/31,48.3,2016
2016/11/1,48.14,2016
2016/11/2,46.86,2016
2016/11/3,46.35,2016
2016/11/4,45.58,2016
2016/11/7,46.15,2016
2016/11/8,46.04,2016
2016/11/9,46.36,2016
2016/11/10,45.84,2016
2016/11/11,44.75,2016
2016/11/14,44.43,2016
2016/11/15,46.95,2016
2016/11/16,46.63,2016
2016/11/17,46.49,2016
2016/11/18,46.86,2016
2016/11/21,48.9,2016
2016/11/22,49.12,2016
2016/11/23,48.95,2016
2016/11/24,49,2016
2016/11/25,47.24,2016
2016/11/28,48.24,2016
2016/11/29,46.38,2016
2016/11/30,50.47,2016
2016/12/1,53.94,2016
2016/12/2,54.46,2016
2016/12/5,54.94,2016
2016/12/6,53.93,2016
2016/12/7,53,2016
2016/12/8,53.89,2016
2016/12/9,54.33,2016
2016/12/12,55.69,2016
2016/12/13,55.72,2016
2016/12/14,53.9,2016
2016/12/15,54.02,2016
2016/12/16,55.21,2016
2016/12/19,54.92,2016
2016/12/20,55.35,2016
2016/12/21,54.46,2016
2016/12/22,55.05,2016
2016/12/23,55.16,2016
2016/12/27,56.09,2016
2016/12/28,56.22,2016
2016/12/29,56.14,2016
2016/12/30,56.82,2016
2017/1/2,56.82,2017
2017/1/3,55.47,2017
2017/1/4,56.46,2017
2017/1/5,56.89,2017
2017/1/6,57.1,2017
2017/1/9,54.94,2017
2017/1/10,53.64,2017
2017/1/11,55.1,2017
2017/1/12,56.01,2017
2017/1/13,55.45,2017
2017/1/16,55.86,2017
2017/1/17,55.47,2017
2017/1/18,53.92,2017
2017/1/19,54.16,2017
2017/1/20,55.49,2017
2017/1/23,55.23,2017
2017/1/24,55.44,2017
2017/1/25,55.08,2017
2017/1/26,56.24,2017
2017/1/27,55.52,2017
2017/1/30,55.23,2017
2017/1/31,55.7,2017
2017/2/1,56.8,2017
2017/2/2,56.56,2017
2017/2/3,56.81,2017
2017/2/6,55.72,2017
2017/2/7,55.05,2017
2017/2/8,55.12,2017
2017/2/9,55.63,2017
2017/2/10,56.7,2017
2017/2/13,55.59,2017
2017/2/14,55.97,2017
2017/2/15,55.75,2017
2017/2/16,55.65,2017
2017/2/17,55.81,2017
2017/2/20,56.18,2017
2017/2/21,56.66,2017
2017/2/22,55.84,2017
2017/2/23,56.58,2017
2017/2/24,55.99,2017
2017/2/27,55.93,2017
2017/2/28,55.59,2017
2017/3/1,56.36,2017
2017/3/2,55.08,2017
2017/3/3,55.9,2017
2017/3/6,56.01,2017
2017/3/7,55.92,2017
2017/3/8,53.11,2017
2017/3/9,52.19,2017
2017/3/10,51.37,2017
2017/3/13,51.35,2017
2017/3/14,50.92,2017
2017/3/15,51.81,2017
2017/3/16,51.74,2017
2017/3/17,51.76,2017
2017/3/20,51.62,2017
2017/3/21,50.96,2017
2017/3/22,50.64,2017
2017/3/23,50.56,2017
2017/3/24,50.8,2017
2017/3/27,50.75,2017
2017/3/28,51.33,2017
2017/3/29,52.42,2017
2017/3/30,52.96,2017
2017/3/31,52.83,2017
2017/4/3,53.12,2017
2017/4/4,54.17,2017
2017/4/5,54.36,2017
2017/4/6,54.89,2017
2017/4/7,55.24,2017
2017/4/10,55.98,2017
2017/4/11,56.23,2017
2017/4/12,55.86,2017
2017/4/13,55.89,2017
2017/4/17,55.36,2017
2017/4/18,54.89,2017
2017/4/19,52.93,2017
2017/4/20,52.99,2017
2017/4/21,51.96,2017
2017/4/24,51.6,2017
2017/4/25,52.1,2017
2017/4/26,51.82,2017
2017/4/27,51.44,2017
2017/4/28,51.73,2017
2017/5/1,51.52,2017
2017/5/2,50.46,2017
2017/5/3,50.79,2017
2017/5/4,48.38,2017
2017/5/5,49.1,2017
2017/5/8,49.34,2017
2017/5/9,48.73,2017
2017/5/10,50.22,2017
2017/5/11,50.77,2017
2017/5/12,50.84,2017
2017/5/15,51.82,2017
2017/5/16,51.65,2017
2017/5/17,52.21,2017
2017/5/18,52.51,2017
2017/5/19,53.61,2017
2017/5/22,53.87,2017
2017/5/23,54.15,2017
2017/5/24,53.96,2017
2017/5/25,51.46,2017
2017/5/26,52.15,2017
2017/5/29,52.29,2017
2017/5/30,51.84,2017
2017/5/31,50.31,2017
2017/6/1,50.63,2017
2017/6/2,49.95,2017
2017/6/5,49.47,2017
2017/6/6,50.12,2017
2017/6/7,48.06,2017
2017/6/8,47.86,2017
2017/6/9,48.15,2017
2017/6/12,48.29,2017
2017/6/13,48.72,2017
2017/6/14,47,2017
2017/6/15,46.92,2017
2017/6/16,47.37,2017
2017/6/19,46.91,2017
2017/6/20,46.02,2017
2017/6/21,44.82,2017
2017/6/22,45.22,2017
2017/6/23,45.54,2017
2017/6/26,45.83,2017
2017/6/27,46.65,2017
2017/6/28,47.31,2017
2017/6/29,47.42,2017
2017/6/30,47.92,2017
2017/7/3,49.68,2017
2017/7/4,49.61,2017
2017/7/5,47.79,2017
2017/7/6,48.11,2017
2017/7/7,46.71,2017
2017/7/10,46.88,2017
2017/7/11,47.52,2017
2017/7/12,47.74,2017
2017/7/13,48.42,2017
2017/7/14,48.91,2017
2017/7/17,48.42,2017
2017/7/18,48.84,2017
2017/7/19,49.7,2017
2017/7/20,49.3,2017
2017/7/21,48.06,2017
2017/7/24,48.6,2017
2017/7/25,50.2,2017
2017/7/26,50.97,2017
2017/7/27,51.49,2017
2017/7/28,52.52,2017
2017/7/31,52.65,2017
2017/8/1,51.78,2017
2017/8/2,52.36,2017
2017/8/3,52.01,2017
2017/8/4,52.42,2017
2017/8/7,52.37,2017
2017/8/8,52.14,2017
2017/8/9,52.7,2017
2017/8/10,51.9,2017
2017/8/11,52.1,2017
2017/8/14,50.73,2017
2017/8/15,50.8,2017
2017/8/16,50.27,2017
2017/8/17,51.03,2017
2017/8/18,52.72,2017
2017/8/21,51.66,2017
2017/8/22,51.87,2017
2017/8/23,52.57,2017
2017/8/24,52.04,2017
2017/8/25,52.41,2017
2017/8/28,51.89,2017
2017/8/29,52,2017
2017/8/30,50.86,2017
2017/8/31,52.38,2017
2017/9/1,52.75,2017
2017/9/4,52.34,2017
2017/9/5,53.38,2017
2017/9/6,54.2,2017
2017/9/7,54.49,2017
2017/9/8,53.78,2017
2017/9/11,53.84,2017
2017/9/12,54.27,2017
2017/9/13,55.16,2017
2017/9/14,55.47,2017
2017/9/15,55.62,2017
2017/9/18,55.48,2017
2017/9/19,55.14,2017
2017/9/20,56.29,2017
2017/9/21,56.43,2017
2017/9/22,56.86,2017
2017/9/25,59.02,2017
2017/9/26,58.44,2017
2017/9/27,57.9,2017
2017/9/28,57.41,2017
2017/9/29,57.54,2017
2017/10/2,56.12,2017
2017/10/3,56,2017
2017/10/4,55.8,2017
2017/10/5,57,2017
2017/10/6,55.62,2017
2017/10/9,55.79,2017
2017/10/10,56.61,2017
2017/10/11,56.94,2017
2017/10/12,56.25,2017
2017/10/13,57.17,2017
2017/10/16,57.82,2017
2017/10/17,57.88,2017
2017/10/18,58.15,2017
2017/10/19,57.23,2017
2017/10/20,57.75,2017
2017/10/23,57.37,2017
2017/10/24,58.33,2017
2017/10/25,58.44,2017
2017/10/26,59.3,2017
2017/10/27,60.44,2017
2017/10/30,60.9,2017
2017/10/31,61.37,2017
2017/11/1,60.49,2017
2017/11/2,60.62,2017
2017/11/3,62.07,2017
2017/11/6,64.27,2017
2017/11/7,63.69,2017
2017/11/8,63.49,2017
2017/11/9,63.93,2017
2017/11/10,63.52,2017
2017/11/13,63.16,2017
2017/11/14,60.91,2017
2017/11/15,61.25,2017
2017/11/16,61.18,2017
2017/11/17,61.34,2017
2017/11/20,61.34,2017
2017/11/21,62.28,2017
2017/11/22,62.92,2017
2017/11/23,63.27,2017
2017/11/24,63.58,2017
2017/11/27,63.25,2017
2017/11/28,63.56,2017
2017/11/29,63.74,2017
2017/11/30,63.53,2017
2017/12/1,64.57,2017
2017/12/4,63.45,2017
2017/12/5,63.45,2017
2017/12/6,62.25,2017
2017/12/7,62.37,2017
2017/12/8,63.86,2017
2017/12/11,65.62,2017
2017/12/12,64.96,2017
2017/12/13,63.66,2017
2017/12/14,63.72,2017
2017/12/15,63.81,2017
2017/12/18,64.45,2017
2017/12/19,63.69,2017
2017/12/20,64.43,2017
2017/12/21,64.64,2017
2017/12/22,64.61,2017
2017/12/27,66.03,2017
2017/12/28,66.8,2017
2017/12/29,66.73,2017
2018/1/2,66.65,2018
2018/1/3,67.85,2018
2018/1/4,68.73,2018
2018/1/5,68.01,2018
2018/1/8,68.48,2018
2018/1/9,69.08,2018
2018/1/10,69.79,2018
2018/1/11,70.36,2018
2018/1/12,69.64,2018
2018/1/15,70.31,2018
2018/1/16,69.4,2018
2018/1/17,69.19,2018
2018/1/18,69.48,2018
2018/1/19,68.56,2018
2018/1/22,69.32,2018
2018/1/23,69.81,2018
2018/1/24,69.91,2018
2018/1/25,71.08,2018
2018/1/26,70.08,2018
2018/1/29,68.41,2018
2018/1/30,67.78,2018
2018/1/31,67.78,2018
2018/2/1,68.6,2018
2018/2/2,67.45,2018
2018/2/5,67.69,2018
2018/2/6,66.75,2018
2018/2/7,65.74,2018
2018/2/8,64.26,2018
2018/2/9,63.04,2018
2018/2/12,62.2,2018
2018/2/13,61.94,2018
2018/2/14,62.29,2018
2018/2/15,62.86,2018
2018/2/16,64.3,2018
2018/2/19,64.95,2018
2018/2/20,64.68,2018
2018/2/21,64.81,2018
2018/2/22,66.12,2018
2018/2/23,67.04,2018
2018/2/26,67.96,2018
2018/2/27,67.59,2018
2018/2/28,66.08,2018
2018/3/1,64.23,2018
2018/3/2,64.26,2018
2018/3/5,65.78,2018
2018/3/6,65.67,2018
2018/3/7,65.09,2018
2018/3/8,63.87,2018
2018/3/9,65.19,2018
2018/3/12,64.53,2018
2018/3/13,64.2,2018
2018/3/14,63.61,2018
2018/3/15,63.67,2018
2018/3/16,64.68,2018
2018/3/19,64.82,2018
2018/3/20,66,2018
2018/3/21,68.15,2018
2018/3/22,68.98,2018
2018/3/23,69.03,2018
2018/3/26,68.81,2018
2018/3/27,68.63,2018
2018/3/28,68.13,2018
2018/3/29,69.02,2018
2018/4/3,69.02,2018
2018/4/4,66.04,2018
2018/4/5,66.54,2018
2018/4/6,66.51,2018
2018/4/9,68.19,2018
2018/4/10,70.67,2018
2018/4/11,72.74,2018
2018/4/12,71.44,2018
2018/4/13,73.18,2018
2018/4/16,72.05,2018
2018/4/17,71.71,2018
2018/4/18,73.73,2018
2018/4/19,74.85,2018
2018/4/20,74.62,2018
2018/4/23,74.54,2018
2018/4/24,75.86,2018
2018/4/25,73.79,2018
2018/4/26,75.39,2018
2018/4/27,75.33,2018
2018/4/30,75.92,2018
2018/5/1,74.85,2018
2018/5/2,73.14,2018
2018/5/3,73.45,2018
2018/5/4,74.75,2018
2018/5/8,74.16,2018
2018/5/9,77.6,2018
2018/5/10,77.59,2018
2018/5/11,77.37,2018
2018/5/14,78.17,2018
2018/5/15,78.94,2018
2018/5/16,78.19,2018
2018/5/17,80.09,2018
2018/5/18,78.38,2018
2018/5/21,78.34,2018
2018/5/22,80.42,2018
2018/5/23,78.69,2018
2018/5/24,78.9,2018
2018/5/25,76.6,2018
2018/5/29,74.51,2018
2018/5/30,75.89,2018
2018/5/31,76.45,2018
2018/6/1,74.54,2018
2018/6/4,73.41,2018
2018/6/5,72.91,2018
2018/6/6,73.23,2018
2018/6/7,75.23,2018
2018/6/8,75.11,2018
2018/6/11,74.58,2018
2018/6/12,74.86,2018
2018/6/13,75.07,2018
2018/6/14,74.77,2018
2018/6/15,72.02,2018
2018/6/18,74.87,2018
2018/6/19,74.92,2018
2018/6/20,74.25,2018
2018/6/21,72.87,2018
2018/6/22,73.67,2018
2018/6/25,72.82,2018
2018/6/26,73.58,2018
2018/6/27,76.09,2018
2018/6/28,76.26,2018
2018/6/29,77.44,2018
2018/7/2,76.71,2018
2018/7/3,75.87,2018
2018/7/4,76.99,2018
2018/7/5,77.09,2018
2018/7/6,74.98,2018
2018/7/9,77.08,2018
2018/7/10,77.8,2018
2018/7/11,75.35,2018
2018/7/12,72.11,2018
2018/7/13,74.11,2018
2018/7/16,71.03,2018
2018/7/17,70.87,2018
2018/7/18,70.52,2018
2018/7/19,71.94,2018
2018/7/20,71.99,2018
2018/7/23,73.45,2018
2018/7/24,73.53,2018
2018/7/25,73.67,2018
2018/7/26,74.51,2018
2018/7/27,74.84,2018
2018/7/30,74.99,2018
2018/7/31,74.16,2018
2018/8/1,72.28,2018
2018/8/2,72.95,2018
2018/8/3,72.48,2018
2018/8/6,72.51,2018
2018/8/7,72.31,2018
2018/8/8,70.71,2018
2018/8/9,70.55,2018
2018/8/10,71,2018
2018/8/13,70.62,2018
2018/8/14,70.77,2018
2018/8/15,68.38,2018
2018/8/16,69.21,2018
2018/8/17,70.14,2018
2018/8/20,71.11,2018
2018/8/21,71.65,2018
2018/8/22,72.96,2018
2018/8/23,73.73,2018
2018/8/24,74.41,2018
2018/8/27,74.41,2018
2018/8/28,75.91,2018
2018/8/29,76.07,2018
2018/8/30,77.05,2018
2018/8/31,76.94,2018
2018/9/3,77.81,2018
2018/9/4,77.51,2018
2018/9/5,76.68,2018
2018/9/6,75.67,2018
2018/9/7,75.55,2018
2018/9/10,76.77,2018
2018/9/11,78.22,2018
2018/9/12,80.02,2018
2018/9/13,77.66,2018
2018/9/14,77.87,2018
2018/9/17,78.22,2018
2018/9/18,79.25,2018
2018/9/19,79.43,2018
2018/9/20,79.03,2018
2018/9/21,78.9,2018
2018/9/24,80.89,2018
2018/9/25,82.21,2018
2018/9/26,81.87,2018
2018/9/27,81.54,2018
2018/9/28,82.72,2018
2018/10/1,84.94,2018
2018/10/2,85.63,2018
2018/10/3,85.45,2018
2018/10/4,86.07,2018
2018/10/5,85.12,2018
2018/10/8,84.22,2018
2018/10/9,85.16,2018
2018/10/10,83.82,2018
2018/10/11,81.35,2018
2018/10/12,80.71,2018
2018/10/15,80.91,2018
2018/10/16,80.53,2018
2018/10/17,79.91,2018
2018/10/18,80.3,2018
2018/10/19,80.38,2018
2018/10/22,80.45,2018
2018/10/23,78.67,2018
2018/10/24,77.34,2018
2018/10/25,77.3,2018
2018/10/26,77.4,2018
2018/10/29,77.56,2018
2018/10/30,75.68,2018
2018/10/31,74.84,2018
2018/11/1,71.25,2018
2018/11/2,71.11,2018
2018/11/5,72.68,2018
2018/11/6,70.64,2018
2018/11/7,70.1,2018
2018/11/8,69.29,2018
2018/11/9,69.01,2018
2018/11/12,69.81,2018
2018/11/13,65.45,2018
2018/11/14,64.88,2018
2018/11/15,65.61,2018
2018/11/16,65.29,2018
2018/11/19,64.14,2018
2018/11/20,61.5,2018
2018/11/21,61.65,2018
2018/11/22,61.11,2018
2018/11/23,57.69,2018
2018/11/26,59.7,2018
2018/11/27,59.58,2018
2018/11/28,57.97,2018
2018/11/29,58.29,2018
2018/11/30,57.71,2018
2018/12/3,60.17,2018
2018/12/4,61.22,2018
2018/12/5,61.4,2018
2018/12/6,57.83,2018
2018/12/7,61.71,2018
2018/12/10,60.29,2018
2018/12/11,59.73,2018
2018/12/12,59.94,2018
2018/12/13,59.03,2018
2018/12/14,58.56,2018
2018/12/17,57.59,2018
2018/12/18,55.26,2018
2018/12/19,55.6,2018
2018/12/20,52.84,2018
2018/12/21,51.93,2018
2018/12/27,51.49,2018
2018/12/28,50.57,2018
2019/1/2,54.06,2019
2019/1/3,53.23,2019
2019/1/4,55.64,2019
2019/1/7,57.1,2019
2019/1/8,56.91,2019
2019/1/9,59.46,2019
2019/1/10,60.47,2019
2019/1/11,59.24,2019
2019/1/14,58.8,2019
2019/1/15,58.65,2019
2019/1/16,59.81,2019
2019/1/17,59.85,2019
2019/1/18,62.04,2019
2019/1/21,62.18,2019
2019/1/22,60.9,2019
2019/1/23,61.05,2019
2019/1/24,61.09,2019
2019/1/25,61.49,2019
2019/1/28,59.71,2019
2019/1/29,60.98,2019
2019/1/30,61.89,2019
2019/1/31,62.46,2019
2019/2/1,61.86,2019
2019/2/4,62.26,2019
2019/2/5,61.67,2019
2019/2/6,62.22,2019
2019/2/7,61.01,2019
2019/2/8,61.37,2019
2019/2/11,61.3,2019
2019/2/12,62.58,2019
2019/2/13,63.27,2019
2019/2/14,64,2019
2019/2/15,65.65,2019
2019/2/18,66.41,2019
2019/2/19,65.86,2019
2019/2/20,66.82,2019
2019/2/21,66.91,2019
2019/2/22,66.91,2019
2019/2/25,64.02,2019
2019/2/26,64.51,2019
2019/2/27,65.55,2019
2019/2/28,65.03,2019
2019/3/1,63.71,2019
2019/3/4,64.44,2019
2019/3/5,64.24,2019
2019/3/6,64.51,2019
2019/3/7,64.82,2019
2019/3/8,65.66,2019
2019/3/11,65.06,2019
2019/3/12,65.33,2019
2019/3/13,65.89,2019
2019/3/14,66.18,2019
2019/3/15,66.11,2019
2019/3/18,66.65,2019
2019/3/19,67.13,2019
2019/3/20,68.35,2019
2019/3/21,68.3,2019
2019/3/22,66.29,2019
2019/3/25,67.37,2019
2019/3/26,67.51,2019
2019/3/27,67.35,2019
2019/3/28,66.08,2019
2019/3/29,67.93,2019
2019/4/1,69.08,2019
2019/4/2,69.68,2019
2019/4/3,69.21,2019
2019/4/4,69.8,2019
2019/4/5,69.93,2019
2019/4/8,71.12,2019
2019/4/9,71.02,2019
2019/4/10,71.63,2019
2019/4/11,71.3,2019
2019/4/12,71.57,2019
2019/4/15,70.9,2019
2019/4/16,70.74,2019
2019/4/17,71.14,2019
2019/4/18,70.71,2019
2019/4/23,74.39,2019
2019/4/24,73.59,2019
2019/4/25,74.94,2019
2019/4/26,71.03,2019
2019/4/29,71.22,2019
2019/4/30,72.19,2019
2019/5/1,72.01,2019
2019/5/2,70.56,2019
2019/5/3,71.95,2019
2019/5/6,71.95,2019
2019/5/7,70.98,2019
2019/5/8,71.09,2019
2019/5/9,70.61,2019
2019/5/10,71.63,2019
2019/5/13,72.35,2019
2019/5/14,72.53,2019
2019/5/15,73.09,2019
2019/5/16,74.7,2019
2019/5/17,73.94,2019
2019/5/20,73.21,2019
2019/5/21,72.94,2019
2019/5/22,71.94,2019
2019/5/23,68.37,2019
2019/5/24,67.98,2019
2019/5/28,70.19,2019
2019/5/29,70.64,2019
2019/5/30,69.55,2019
2019/5/31,66.78,2019
2019/6/3,63.16,2019
2019/6/4,63.56,2019
2019/6/5,62.14,2019
2019/6/6,62.77,2019
2019/6/7,64.1,2019
2019/6/10,64.31,2019
2019/6/11,63.56,2019
2019/6/12,61.66,2019
2019/6/13,63.28,2019
2019/6/14,63.13,2019
2019/6/17,62.56,2019
2019/6/18,63.35,2019
2019/6/19,62.85,2019
2019/6/20,65.44,2019
2019/6/21,65.99,2019
2019/6/24,65.16,2019
2019/6/25,66.24,2019
2019/6/26,66.85,2019
2019/6/27,66.78,2019
2019/6/28,67.52,2019
2019/7/1,65.1,2019
2019/7/2,62.72,2019
2019/7/3,63.53,2019
2019/7/4,63.62,2019
2019/7/5,64.23,2019
2019/7/8,64.89,2019
2019/7/9,64.3,2019
2019/7/10,66.41,2019
2019/7/11,67.64,2019
2019/7/12,66.65,2019
2019/7/15,66.86,2019
2019/7/16,65.87,2019
2019/7/17,63.67,2019
2019/7/18,60.7,2019
2019/7/19,61.04,2019
2019/7/22,61.96,2019
2019/7/23,62.28,2019
2019/7/24,63.83,2019
2019/7/25,63.47,2019
2019/7/26,62.46,2019
2019/7/29,62.29,2019
2019/7/30,62.55,2019
2019/7/31,64.07,2019
2019/8/1,62.9,2019
2019/8/2,61.12,2019
2019/8/5,59.32,2019
2019/8/6,58.63,2019
2019/8/7,55.03,2019
2019/8/8,56.29,2019
2019/8/9,57.37,2019
2019/8/12,57.13,2019
2019/8/13,59.9,2019
2019/8/14,57.86,2019
2019/8/15,57.37,2019
2019/8/16,59,2019
2019/8/19,59.79,2019
2019/8/20,59.03,2019
2019/8/21,60.6,2019
2019/8/22,59.81,2019
2019/8/23,58.64,2019
2019/8/26,58.64,2019
2019/8/27,58.44,2019
2019/8/28,60.42,2019
2019/8/29,60.59,2019
2019/8/30,61.04,2019
2019/9/2,58.55,2019
2019/9/3,57.93,2019
2019/9/4,60.68,2019
2019/9/5,62.7,2019
2019/9/6,61.28,2019
2019/9/9,63.99,2019
2019/9/10,64.67,2019
2019/9/11,63.02,2019
2019/9/12,60.76,2019
2019/9/13,61.25,2019
2019/9/16,68.42,2019
2019/9/17,65.59,2019
2019/9/18,64.29,2019
2019/9/19,64.25,2019
2019/9/20,65.23,2019
2019/9/23,64.66,2019
2019/9/24,64.13,2019
2019/9/25,62.41,2019
2019/9/26,62.08,2019
2019/9/27,62.48,2019
2019/9/30,60.99,2019
2019/10/1,60.06,2019
2019/10/2,57.92,2019
2019/10/3,58.01,2019
2019/10/4,59.13,2019
2019/10/7,59.46,2019
2019/10/8,58.14,2019
2019/10/9,59.7,2019
2019/10/10,59.08,2019
2019/10/11,60.59,2019
2019/10/14,58.81,2019
2019/10/15,59.19,2019
2019/10/16,59.3,2019
2019/10/17,59.35,2019
2019/10/18,59.96,2019
2019/10/21,58.95,2019
2019/10/22,60.5,2019
2019/10/23,60.52,2019
2019/10/24,61.71,2019
2019/10/25,62.06,2019
2019/10/28,60.39,2019
2019/10/29,61.05,2019
2019/10/30,60.22,2019
2019/10/31,59.3,2019
2019/11/1,60.17,2019
2019/11/4,62.52,2019
2019/11/5,62.72,2019
2019/11/6,62.11,2019
2019/11/7,62.6,2019
2019/11/8,62,2019
2019/11/11,62.58,2019
2019/11/12,62.19,2019
2019/11/13,62.27,2019
2019/11/14,62.46,2019
2019/11/15,63.32,2019
2019/11/18,62.82,2019
2019/11/19,62.37,2019
2019/11/20,63.8,2019
2019/11/21,64.99,2019
2019/11/22,64.83,2019
2019/11/25,64.67,2019
2019/11/26,64.82,2019
2019/11/27,65.03,2019
2019/11/28,64.68,2019
2019/11/29,64.5,2019
2019/12/2,63.2,2019
2019/12/3,62.95,2019
2019/12/4,65.25,2019
2019/12/5,65.67,2019
2019/12/6,66.5,2019
2019/12/9,66.44,2019
2019/12/10,66.57,2019
2019/12/11,65.37,2019
2019/12/12,66.67,2019
2019/12/13,67.44,2019
2019/12/16,68.04,2019
2019/12/17,68.99,2019
2019/12/18,69.12,2019
2019/12/19,69.7,2019
2019/12/20,68.66,2019
2019/12/23,67.49,2019
2019/12/24,69.26,2019
2019/12/26,69.26,2019
2019/12/27,68.91,2019
2019/12/30,68.3,2019
2019/12/31,67.77,2019
2020/1/2,67.05,2020
2020/1/3,69.08,2020
2020/1/6,70.25,2020
2020/1/7,68.74,2020
2020/1/8,67.31,2020
2020/1/9,66.58,2020
2020/1/10,66.77,2020
2020/1/13,64.14,2020
2020/1/14,64.45,2020
2020/1/15,63.29,2020
2020/1/16,64.63,2020
2020/1/17,64.05,2020
2020/1/20,64.63,2020
2020/1/21,63.66,2020
2020/1/22,62.11,2020
2020/1/23,61.26,2020
2020/1/24,59.34,2020
2020/1/27,58.54,2020
2020/1/28,59.37,2020
2020/1/29,59.46,2020
2020/1/30,57.72,2020
2020/1/31,57.77,2020
2020/2/3,54,2020
2020/2/4,53.9,2020
2020/2/5,55.36,2020
2020/2/6,55.18,2020
2020/2/7,54.53,2020
2020/2/10,53.39,2020
2020/2/11,54,2020
2020/2/12,55.54,2020
2020/2/13,56.34,2020
2020/2/14,57.37,2020
2020/2/17,57.83,2020
2020/2/18,57.35,2020
2020/2/19,59.72,2020
2020/2/20,59.57,2020
2020/2/21,58.6,2020
2020/2/24,56.71,2020
2020/2/25,55.29,2020
2020/2/26,54.96,2020
2020/2/27,52.19,2020
2020/2/28,51.31,2020
2020/3/2,52.52,2020
2020/3/3,52.24,2020
2020/3/4,51.86,2020
2020/3/5,51.29,2020
2020/3/6,45.6,2020
2020/3/9,35.33,2020
2020/3/10,35.57,2020
2020/3/11,34.45,2020
2020/3/12,31.02,2020
2020/3/13,32.25,2020
2020/3/16,27.98,2020
2020/3/17,27.97,2020
2020/3/18,22.79,2020
2020/3/19,23.98,2020
2020/3/20,25.55,2020
2020/3/23,23.75,2020
2020/3/24,24.5,2020
2020/3/25,25.62,2020
2020/3/26,23.55,2020
2020/3/27,22.39,2020
2020/3/30,19.19,2020
2020/3/31,14.85,2020
2020/4/1,14.97,2020
2020/4/2,20.24,2020
2020/4/3,24.33,2020
2020/4/6,22.58,2020
2020/4/7,22.1,2020
2020/4/8,25.22,2020
2020/4/9,20.23,2020
2020/4/14,21.74,2020
2020/4/15,19.8,2020
2020/4/16,18.69,2020
2020/4/17,19.75,2020
2020/4/20,17.36,2020
2020/4/21,9.12,2020
2020/4/22,13.77,2020
2020/4/23,15.06,2020
2020/4/24,15.87,2020
2020/4/27,15.17,2020
2020/4/28,15.6,2020
2020/4/29,17.86,2020
2020/4/30,18.11,2020
2020/5/1,18.49,2020
2020/5/4,20.4,2020
2020/5/5,25.46,2020
2020/5/6,24.2,2020
2020/5/7,24.23,2020
2020/5/11,25.53,2020
2020/5/12,26.67,2020
2020/5/13,27.89,2020
2020/5/14,29.87,2020
2020/5/15,30.95,2020
2020/5/18,33.3,2020
2020/5/19,33.06,2020
2020/5/20,34.76,2020
2020/5/21,34.78,2020
2020/5/22,33.8,2020
2020/5/26,33.95,2020
2020/5/27,32.73,2020
2020/5/28,33.98,2020
2020/5/29,34.15,2020
2020/6/1,36.74,2020
2020/6/2,37.72,2020
2020/6/3,37.98,2020
2020/6/4,38.41,2020
2020/6/5,41,2020
2020/6/8,39.66,2020
2020/6/9,40.45,2020
2020/6/10,41.18,2020
2020/6/11,37.76,2020
2020/6/12,38.54,2020
2020/6/15,39.44,2020
2020/6/16,40.75,2020
2020/6/17,40.47,2020
2020/6/18,41.75,2020
2020/6/19,42.33,2020
2020/6/22,43.2,2020
2020/6/23,42.72,2020
2020/6/24,40.4,2020
2020/6/25,41.18,2020
2020/6/26,40.97,2020
2020/6/29,41.58,2020
2020/6/30,41.64,2020
2020/7/1,42.18,2020
2020/7/2,43.19,2020
2020/7/3,42.92,2020
2020/7/6,42.73,2020
2020/7/7,43.28,2020
2020/7/8,43.67,2020
2020/7/9,42.35,2020
2020/7/10,43.27,2020
2020/7/13,42.85,2020
2020/7/14,42.97,2020
2020/7/15,43.96,2020
2020/7/16,43.71,2020
2020/7/17,43.53,2020
2020/7/20,43.3,2020
2020/7/21,44.31,2020
2020/7/22,43.98,2020
2020/7/23,42.96,2020
2020/7/24,43.29,2020
2020/7/27,43.39,2020
2020/7/28,43.11,2020
2020/7/29,43.51,2020
2020/7/30,42.98,2020
2020/7/31,43.13,2020
2020/8/3,43.76,2020
2020/8/4,43.99,2020
2020/8/5,44.92,2020
2020/8/6,45.04,2020
2020/8/7,44.07,2020
2020/8/10,44.19,2020
2020/8/11,43.68,2020
2020/8/12,45.09,2020
2020/8/13,44.87,2020
2020/8/14,44.86,2020
2020/8/17,44.91,2020
2020/8/18,45.34,2020
2020/8/19,45.21,2020
2020/8/20,44.56,2020
2020/8/21,43.94,2020
2020/8/24,44.43,2020
2020/8/25,46.01,2020
2020/8/26,45.79,2020
2020/8/27,44.84,2020
2020/8/28,45.22,2020
2020/9/1,45.72,2020
2020/9/2,42.7,2020
2020/9/3,42.72,2020
2020/9/4,41.1,2020
2020/9/7,40.67,2020
2020/9/8,38.53,2020
2020/9/9,39.98,2020
2020/9/10,39.27,2020
2020/9/11,38.8,2020
2020/9/14,38.57,2020
2020/9/15,39.54,2020
2020/9/16,41.23,2020
2020/9/17,42.35,2020
2020/9/18,42.16,2020
2020/9/21,40.37,2020
2020/9/22,40.84,2020
2020/9/23,41.09,2020
2020/9/24,41.24,2020
2020/9/25,40.91,2020
2020/9/28,41.59,2020
2020/9/29,40.33,2020
2020/9/30,40.3,2020
2020/10/1,39.75,2020
2020/10/2,38,2020
2020/10/5,39.78,2020
2020/10/6,41.27,2020
2020/10/7,40.62,2020
2020/10/8,42,2020
2020/10/9,41.63,2020
2020/10/12,40.5,2020
2020/10/13,41.34,2020
2020/10/14,41.81,2020
2020/10/15,41.61,2020
2020/10/16,41.34,2020
2020/10/19,41.29,2020
2020/10/20,41.62,2020
2020/10/21,40.09,2020
2020/10/22,41.28,2020
2020/10/23,40.71,2020
2020/10/26,39.06,2020
2020/10/27,39.72,2020
2020/10/28,37.86,2020
2020/10/29,36.56,2020
2020/10/30,36.33,2020
2020/11/2,37.78,2020
2020/11/3,38.17,2020
2020/11/4,39.68,2020
2020/11/5,39.47,2020
2020/11/6,38.08,2020
2020/11/9,40.93,2020
2020/11/10,42.25,2020
2020/11/11,42.5,2020
2020/11/12,42.16,2020
2020/11/13,41.51,2020
2020/11/16,42.71,2020
2020/11/17,42.54,2020
2020/11/18,42.91,2020
2020/11/19,43.09,2020
2020/11/20,43.79,2020
2020/11/23,45,2020
2020/11/24,46.63,2020
2020/11/25,47.3,2020
2020/11/26,46.32,2020
2020/11/27,46.88,2020
2020/11/30,46.84,2020
2020/12/1,47.03,2020
2020/12/2,47.8,2020
2020/12/3,48.37,2020
2020/12/4,49.1,2020
2020/12/7,48.63,2020
2020/12/8,48.84,2020
2020/12/9,48.81,2020
2020/12/10,50.33,2020
2020/12/11,50.01,2020
2020/12/14,50.27,2020
2020/12/15,50.77,2020
2020/12/16,50.83,2020
2020/12/17,51.2,2020
2020/12/18,52.17,2020
2020/12/21,50.61,2020
2020/12/22,49.88,2020
2020/12/23,51.05,2020
2020/12/24,50.88,2020
2020/12/28,50.88,2020
2020/12/29,50.44,2020
2020/12/30,50.74,2020
2020/12/31,51.22,2020
2021/1/4,50.37,2020
2021/1/5,53.16,2020
2021/1/6,53.8,2020
2021/1/7,53.7,2020
2021/1/8,55.51,2020
2021/1/11,54.84,2020
2021/1/12,55.98,2020
2021/1/13,55.52,2020
2021/1/14,55.76,2020
2021/1/15,54.8,2020
2021/1/18,54.21,2020
2021/1/19,55.38,2020
2021/1/20,55.66,2020
2021/1/21,55.68,2020
2021/1/22,55.22,2020
2021/1/25,55.44,2020
2021/1/26,55.26,2020
2021/1/27,55.07,2020
2021/1/28,54.87,2020
2021/1/29,55.25,2020
2021/2/1,56.42,2020
2021/2/2,57.62,2020
2021/2/3,58.61,2020
2021/2/4,58.98,2020
2021/2/5,59.48,2020
2021/2/8,60.17,2020
2021/2/9,60.74,2020
2021/2/10,61.17,2020
2021/2/11,61.09,2020
2021/2/12,62.47,2020
2021/2/15,63.58,2020
2021/2/16,63.96,2020
2021/2/17,65.02,2020
2021/2/18,64.09,2020
2021/2/19,62.84,2020
2021/2/22,64.73,2020
2021/2/23,65.16,2020
2021/2/24,66.85,2020
2021/2/25,66.69,2020
2021/2/26,65.86,2020
2021/3/1,64.56,2020
2021/3/2,63.17,2020
2021/3/3,64.7,2020
2021/3/4,67.32,2020
2021/3/5,69.95,2020
2021/3/8,68,2020
2021/3/9,67.03,2020
2021/3/10,67.53,2020
2021/3/11,69.34,2020
2021/3/12,68.87,2020
2021/3/15,68.78,2020
2021/3/16,67.95,2020
2021/3/17,67.73,2020
2021/3/18,62.11,2020
2021/3/19,64,2020
2021/3/22,63.89,2020
2021/3/23,59.96,2020
2021/3/24,63.7,2020
2021/3/25,61.21,2020
2021/3/26,63.77,2020
2021/3/29,64.06,2020
2021/3/30,63.28,2020
2021/3/31,63.52,2020
2021/4/1,63.85,2020
2021/4/6,61.47,2020
2021/4/7,61.86,2020
2021/4/8,62.09,2020
2021/4/9,61.89,2020
2021/4/12,62.38,2020
2021/4/13,62.83,2020
2021/4/14,66.11,2020
2021/4/15,66.13,2020
2021/4/16,65.98,2020
2021/4/19,66.54,2020
2021/4/20,65.34,2020
2021/4/21,64.02,2020
2021/4/22,65.07,2020
2021/4/23,65.75,2020
2021/4/26,65.5,2020